payment_id,payment_date,amount,payment_method,remark,name
PAY8988573,2025-03-07,110000,bank_transfer,Feb & Mar Rent,Stephanie Barnett
PAY2573238,2025-03-04,110000,credit_card,Feb & Mar Rent,Kenneth Greer
PAY8155766,2025-03-14,116000,bank_transfer,Feb & Mar Rent,Tiffany Brown
PAY1536296,2025-02-07,58000,cash,February Rent,Nancy Fuller
PAY5677797,2025-02-08,58000,cash,February Rent,Harold Rice
PAY9193600,2025-03-09,58000,credit_card,March Rent,Harold Rice
PAY6433537,2025-02-16,58000,credit_card,February Rent,Charles Anderson
PAY3113027,2025-03-27,58000,cash,March Rent,Charles Anderson
PAY8075373,2025-02-06,55000,bank_transfer,February Rent,Kurt Garcia
PAY3509924,2025-03-01,55000,bank_transfer,March Rent,Kurt Garcia
PAY7603092,2025-02-24,60000,credit_card,February Rent,Jennifer Reilly
PAY6153188,2025-03-27,60000,credit_card,March Rent,Jennifer Reilly
PAY2044237,2025-02-16,58000,credit_card,February Rent,Sheila Alvarez
PAY8903043,2025-03-11,58000,cash,March Rent,Sheila Alvarez
PAY5915910,2025-02-22,61000,credit_card,February Rent,Daniel Clark
PAY4779687,2025-03-07,61000,cash,March Rent,Daniel Clark
PAY3485446,2025-02-01,60000,credit_card,February Rent,Lisa Johnson
PAY7475543,2025-03-24,60000,cash,March Rent,Lisa Johnson
PAY9738751,2025-02-05,60000,credit_card,February Rent,Tanya Brown
PAY4347963,2025-03-23,60000,bank_transfer,March Rent,Tanya Brown
PAY1961791,2025-02-11,55000,cash,February Rent,Austin Pineda
PAY2313363,2025-03-16,55000,credit_card,March Rent,Austin Pineda
PAY5193188,2025-02-09,60000,bank_transfer,February Rent,Jacqueline Hill
PAY6715746,2025-03-15,60000,bank_transfer,March Rent,Jacqueline Hill
PAY6678524,2025-02-18,55000,credit_card,February Rent,Michelle Leach
PAY6813037,2025-03-11,55000,bank_transfer,March Rent,Michelle Leach
PAY2856273,2025-02-24,60000,cash,February Rent,Stacy Davis
PAY4256849,2025-03-07,60000,cash,March Rent,Stacy Davis
PAY6818645,2025-02-15,60000,bank_transfer,February Rent,Jonathan Campbell
PAY9809132,2025-02-06,63000,cash,February Rent,Laurie Todd
PAY7735391,2025-03-14,63000,cash,March Rent,Laurie Todd
PAY7486052,2025-02-24,60000,bank_transfer,February Rent,Laurie Williams
PAY5313787,2025-03-10,60000,bank_transfer,March Rent,Laurie Williams
PAY8501741,2025-02-19,58000,credit_card,February Rent,Caitlin Smith
PAY8629258,2025-03-02,58000,credit_card,March Rent,Caitlin Smith
PAY5385424,2025-02-27,58000,credit_card,February Rent,Eric James
PAY1356515,2025-03-21,58000,cash,March Rent,Eric James
PAY8962380,2025-02-21,55000,cash,February Rent,Teresa Lynch
PAY3512991,2025-02-11,63000,cash,February Rent,Amy Peterson
PAY8440428,2025-03-09,63000,bank_transfer,March Rent,Amy Peterson
PAY5196798,2025-02-19,60000,credit_card,February Rent,Michele Noble
PAY1519489,2025-03-18,60000,credit_card,March Rent,Michele Noble
PAY2580061,2025-03-02,55000,bank_transfer,March Rent,Teresa Gray
PAY9797919,2025-02-13,58000,cash,February Rent,Travis Harmon
PAY1246772,2025-03-13,58000,cash,March Rent,Travis Harmon
PAY4132358,2025-02-02,55000,bank_transfer,February Rent,John Johnson
PAY8437617,2025-03-08,55000,bank_transfer,March Rent,John Johnson
PAY5217551,2025-02-13,58000,cash,February Rent,Johnny Flores
PAY6717140,2025-03-14,58000,credit_card,March Rent,Johnny Flores
PAY4669428,2025-02-23,60000,bank_transfer,February Rent,Bonnie Delgado
PAY5978961,2025-03-06,60000,credit_card,March Rent,Bonnie Delgado
PAY3122739,2025-02-14,58000,bank_transfer,February Rent,Kelli Morton
PAY7574983,2025-03-12,58000,cash,March Rent,Kelli Morton
PAY3966836,2025-02-23,55000,credit_card,February Rent,Russell Rodgers
PAY8485800,2025-03-22,55000,credit_card,March Rent,Russell Rodgers
PAY2247334,2025-03-13,58000,cash,March Rent,Heather Coleman DDS
PAY4347303,2025-02-18,58000,cash,February Rent,Angela Wong
PAY1168620,2025-03-28,58000,cash,March Rent,Angela Wong
PAY6639944,2025-02-08,55000,credit_card,February Rent,Lisa Harper
PAY2949840,2025-03-12,55000,bank_transfer,March Rent,Lisa Harper
PAY4738391,2025-02-04,61000,cash,February Rent,Jessica Mccall DVM
PAY3136011,2025-03-20,61000,credit_card,March Rent,Jessica Mccall DVM
PAY8232288,2025-03-21,58000,bank_transfer,March Rent,Tanner Ford
PAY6447514,2025-02-12,58000,bank_transfer,February Rent,Katrina Glenn
PAY8244936,2025-03-04,58000,cash,March Rent,Katrina Glenn
PAY2465225,2025-02-25,63000,cash,February Rent,Vincent Smith
PAY3218306,2025-03-28,63000,credit_card,March Rent,Vincent Smith
PAY8423251,2025-02-15,58000,cash,February Rent,Kelly Freeman
PAY1548865,2025-02-03,58000,cash,February Rent,David Scott
PAY4856243,2025-03-08,58000,credit_card,March Rent,David Scott
PAY2777133,2025-02-04,60000,credit_card,February Rent,Taylor Townsend DDS
PAY2933043,2025-03-09,60000,cash,March Rent,Taylor Townsend DDS
PAY8199943,2025-02-18,58000,bank_transfer,February Rent,Barbara Alexander
PAY3756401,2025-03-22,58000,credit_card,March Rent,Barbara Alexander
PAY6358754,2025-02-09,63000,bank_transfer,February Rent,Mr. Andrew Mata
PAY7985407,2025-03-09,63000,cash,March Rent,Mr. Andrew Mata
PAY5708532,2025-02-21,55000,cash,February Rent,Collin Woods
PAY4498090,2025-03-25,55000,cash,March Rent,Collin Woods
PAY9253269,2025-02-23,60000,cash,February Rent,James Young
PAY2433468,2025-03-05,60000,credit_card,March Rent,James Young
PAY2433826,2025-02-14,58000,credit_card,February Rent,Katherine Hunter
PAY8201100,2025-03-16,58000,credit_card,March Rent,Katherine Hunter
PAY8942424,2025-02-26,60000,cash,February Rent,Emily Lowe
PAY7168665,2025-02-08,55000,cash,February Rent,Tina Jackson
PAY6712277,2025-03-18,55000,bank_transfer,March Rent,Tina Jackson
PAY9002852,2025-02-27,60000,credit_card,February Rent,Joann Moore
PAY7367020,2025-03-03,60000,bank_transfer,March Rent,Joann Moore
PAY5882261,2025-02-01,60000,cash,February Rent,Jonathan Chen
PAY2201703,2025-03-14,60000,bank_transfer,March Rent,Jonathan Chen
PAY5274818,2025-02-11,58000,bank_transfer,February Rent,Terri Johnson
PAY3217578,2025-03-06,58000,cash,March Rent,Terri Johnson
PAY8224137,2025-02-13,60000,cash,February Rent,Richard Mclaughlin
PAY7371064,2025-03-11,60000,cash,March Rent,Richard Mclaughlin
PAY9336215,2025-02-28,55000,bank_transfer,February Rent,Michael Calderon
PAY5781598,2025-03-02,55000,credit_card,March Rent,Michael Calderon
PAY5165047,2025-02-01,58000,cash,February Rent,James Shaw
PAY4914440,2025-02-17,58000,credit_card,February Rent,Shannon Baker
PAY3252693,2025-03-01,58000,cash,March Rent,Shannon Baker
PAY5953214,2025-02-09,60000,bank_transfer,February Rent,Rachel Wilson
PAY3003099,2025-03-18,60000,bank_transfer,March Rent,Rachel Wilson
PAY8554026,2025-02-01,55000,bank_transfer,February Rent,Ann Rogers
PAY7175781,2025-03-08,55000,cash,March Rent,Ann Rogers
PAY8888078,2025-02-23,58000,cash,February Rent,Crystal Haynes MD
PAY1264772,2025-02-04,58000,cash,February Rent,Anna Parker
PAY5892883,2025-03-14,58000,bank_transfer,March Rent,Anna Parker
PAY3360685,2025-02-09,55000,credit_card,February Rent,Veronica Rodriguez
PAY8894375,2025-02-15,58000,cash,February Rent,Caleb Douglas
PAY5580144,2025-03-04,58000,cash,March Rent,Caleb Douglas
PAY6532063,2025-03-22,58000,bank_transfer,March Rent,Amanda Lutz
PAY2988720,2025-02-23,60000,credit_card,February Rent,Keith Rodriguez
PAY9488549,2025-03-23,60000,bank_transfer,March Rent,Keith Rodriguez
PAY7173061,2025-02-06,58000,bank_transfer,February Rent,Steve Roberts
PAY9561339,2025-03-16,58000,bank_transfer,March Rent,Steve Roberts
PAY4978366,2025-02-26,61000,cash,February Rent,Jennifer Foster
PAY1247506,2025-03-04,61000,bank_transfer,March Rent,Jennifer Foster
PAY6317155,2025-02-13,60000,bank_transfer,February Rent,Roy Ewing
PAY4557689,2025-03-18,60000,cash,March Rent,Roy Ewing
PAY8641029,2025-02-26,58000,credit_card,February Rent,Regina Goodwin
PAY1344868,2025-03-17,63000,bank_transfer,March Rent,Don Callahan
PAY5521917,2025-02-09,58000,cash,February Rent,Andrea Molina
PAY1413066,2025-03-22,58000,bank_transfer,March Rent,Andrea Molina
PAY4515450,2025-02-14,60000,bank_transfer,February Rent,Edward White
PAY3483484,2025-03-09,60000,cash,March Rent,Edward White
PAY6275282,2025-02-21,55000,cash,February Rent,Crystal Sweeney
PAY5136814,2025-03-28,55000,credit_card,March Rent,Crystal Sweeney
PAY6419935,2025-02-05,60000,cash,February Rent,Bruce Byrd
PAY5354355,2025-03-28,60000,credit_card,March Rent,Bruce Byrd
PAY8903871,2025-02-26,60000,credit_card,February Rent,Roy Williams
PAY6545156,2025-02-27,58000,credit_card,February Rent,Scott Wilson
PAY4482250,2025-03-07,58000,cash,March Rent,Scott Wilson
PAY6279238,2025-02-07,58000,credit_card,February Rent,Karen Hicks
PAY7473768,2025-03-19,58000,cash,March Rent,Karen Hicks
PAY1694887,2025-02-18,58000,credit_card,February Rent,Melinda Williams
PAY9286800,2025-03-27,58000,bank_transfer,March Rent,Melinda Williams
PAY1666231,2025-02-28,58000,cash,February Rent,Daniel Clark
PAY1081102,2025-03-05,58000,credit_card,March Rent,Daniel Clark
PAY1512687,2025-02-09,58000,cash,February Rent,Christina Chapman
PAY8222457,2025-03-16,58000,cash,March Rent,Christina Chapman
PAY9222933,2025-02-12,58000,cash,February Rent,Zachary Saunders
PAY8702156,2025-03-15,58000,credit_card,March Rent,Zachary Saunders
PAY2928059,2025-02-16,55000,cash,February Rent,Olivia Hinton
PAY6908079,2025-03-04,55000,cash,March Rent,Olivia Hinton
PAY9539725,2025-02-23,63000,bank_transfer,February Rent,Vickie Torres
PAY2447935,2025-03-13,63000,bank_transfer,March Rent,Vickie Torres
PAY5156817,2025-02-28,60000,bank_transfer,February Rent,Laura Rocha MD
PAY3541114,2025-03-13,60000,credit_card,March Rent,Laura Rocha MD
PAY5013704,2025-02-18,63000,cash,February Rent,John Thompson
PAY6715221,2025-03-25,63000,cash,March Rent,John Thompson
PAY8700261,2025-02-01,60000,credit_card,February Rent,Frank Coffey
PAY8452641,2025-03-03,60000,cash,March Rent,Frank Coffey
PAY9282211,2025-02-24,58000,cash,February Rent,Joanne Lowe
PAY1258135,2025-03-14,58000,cash,March Rent,Joanne Lowe
PAY2226920,2025-02-18,63000,cash,February Rent,Wayne Cole
PAY8031740,2025-03-27,63000,credit_card,March Rent,Wayne Cole
PAY5931461,2025-02-18,55000,cash,February Rent,Katie Diaz
PAY3257162,2025-03-20,55000,credit_card,March Rent,Katie Diaz
PAY4480244,2025-02-01,63000,credit_card,February Rent,Trevor Mccann
PAY2446025,2025-02-26,55000,cash,February Rent,Maureen Christensen
PAY1703515,2025-03-03,55000,bank_transfer,March Rent,Maureen Christensen
PAY3227265,2025-02-20,63000,credit_card,February Rent,Leslie Brown
PAY3038883,2025-03-25,63000,bank_transfer,March Rent,Leslie Brown
PAY2011395,2025-02-07,61000,credit_card,February Rent,Stacy Flores
PAY4346508,2025-02-08,58000,credit_card,February Rent,Andrew Cox
PAY5027497,2025-03-17,58000,credit_card,March Rent,Andrew Cox
PAY7949865,2025-02-11,55000,bank_transfer,February Rent,Dylan Scott
PAY7858387,2025-03-10,55000,cash,March Rent,Dylan Scott
PAY7351856,2025-02-06,60000,bank_transfer,February Rent,Matthew Young
PAY7670926,2025-03-24,60000,credit_card,March Rent,Matthew Young
PAY9104830,2025-02-25,60000,credit_card,February Rent,Amanda Daugherty
PAY6539942,2025-03-17,60000,credit_card,March Rent,Amanda Daugherty
PAY5261827,2025-02-15,60000,cash,February Rent,Sheila Rios
PAY9415946,2025-03-07,60000,bank_transfer,March Rent,Sheila Rios
PAY3825088,2025-02-19,58000,credit_card,February Rent,Samuel Cruz
PAY4397471,2025-03-07,58000,cash,March Rent,Samuel Cruz
PAY7104415,2025-03-21,55000,cash,March Rent,John Charles
